"Area","Records","Observed.richness","SE","R2"
"AL_Birmingham_A1_A_1",4,3,0.00684715681898454,0.999916651455104
"AL_Birmingham_A2_A_2",2,2,NA,NA
"AL_Birmingham_B1_B_4",5,4,0.00560201505032432,0.999972276879307
"AL_Birmingham_B13_B_8",2,1,NA,NA
"AL_Birmingham_B14_B_9",6,6,NA,NA
"AL_Birmingham_B3_B_13",3,3,NA,NA
"AL_Birmingham_C11_C_24",5,5,NA,NA
"AL_Birmingham_C12_C_25",2,2,NA,NA
"AL_Birmingham_C3_C_36",9,9,NA,NA
"AL_Birmingham_D10_D_44",3,3,NA,NA
"AL_Montgomery_A1_A_118",5,5,NA,NA
"AR_Little Rock_A2_A_142",6,5,0.00453850627568286,0.999989006054452
"AR_Little Rock_C5_C_163",2,2,NA,NA
"CA_Fresno_C4_C_216",2,2,NA,NA
"CA_Los Angeles_A1_A_233",5,4,0.00560201505032432,0.999972276879307
"CA_Los Angeles_A10_A_234",3,3,NA,NA
"CA_Los Angeles_A12_A_236",66,17,0.250207818555728,0.99637404692367
"CA_Los Angeles_A13_A_237",5,5,NA,NA
"CA_Los Angeles_A18_A_244",2,1,NA,NA
"CA_Los Angeles_A21_A_248",15,9,0.00769499102147112,0.99999012968791
"CA_Los Angeles_A29_A_256",4,4,NA,NA
"CA_Los Angeles_A3_A_257",2,2,NA,NA
"CA_Los Angeles_A30_A_258",5,4,0.00560201505032432,0.999972276879307
"CA_Los Angeles_A31_A_259",4,4,NA,NA
"CA_Los Angeles_A32_A_260",7,6,0.00376486817975351,0.999994909742269
"CA_Los Angeles_A33_A_261",5,3,0.0192610453171459,0.999239778961662
"CA_Los Angeles_A35_A_263",3,3,NA,NA
"CA_Los Angeles_A37_A_265",7,5,0.0184744559000108,0.999810909881063
"CA_Los Angeles_A4_A_269",2,2,NA,NA
"CA_Los Angeles_A40_A_270",2,2,NA,NA
"CA_Los Angeles_A42_A_272",3,3,NA,NA
"CA_Los Angeles_A43_A_273",2,1,NA,NA
"CA_Los Angeles_A46_A_274",4,4,NA,NA
"CA_Los Angeles_A51_A_280",10,10,NA,NA
"CA_Los Angeles_A55_A_284",2,2,NA,NA
"CA_Los Angeles_A58_A_286",2,2,NA,NA
"CA_Los Angeles_A59_A_287",13,11,0.00781999018438143,0.999993726388311
"CA_Los Angeles_A6_A_288",4,4,NA,NA
"CA_Los Angeles_A60_A_289",10,6,0.0191228442650617,0.999856460885209
"CA_Los Angeles_A7_A_290",4,4,NA,NA
"CA_Los Angeles_A9_A_292",12,6,0.0121183783004432,0.999938061886068
"CA_Los Angeles_B101_B_296",2,2,NA,NA
"CA_Los Angeles_B107_B_302",2,2,NA,NA
"CA_Los Angeles_B11_B_305",3,2,NA,NA
"CA_Los Angeles_B117_B_313",11,7,0.0131392279927582,0.999951850090398
"CA_Los Angeles_B118_B_314",2,2,NA,NA
"CA_Los Angeles_B16_B_324",2,2,NA,NA
"CA_Los Angeles_B20_B_329",2,2,NA,NA
"CA_Los Angeles_B23_B_332",3,2,NA,NA
"CA_Los Angeles_B26_B_335",7,7,NA,NA
"CA_Los Angeles_B29_B_338",3,3,NA,NA
"CA_Los Angeles_B31_B_341",3,3,NA,NA
"CA_Los Angeles_B32_B_342",2,1,NA,NA
"CA_Los Angeles_B33_B_343",7,6,0.00376486817975351,0.999994909742269
"CA_Los Angeles_B34_B_344",5,5,NA,NA
"CA_Los Angeles_B36_B_346",5,5,NA,NA
"CA_Los Angeles_B37_B_347",4,3,0.00684715681898454,0.999916651455104
"CA_Los Angeles_B47_B_358",6,6,NA,NA
"CA_Los Angeles_B52_B_364",3,3,NA,NA
"CA_Los Angeles_B54_B_366",5,5,NA,NA
"CA_Los Angeles_B58_B_369",3,3,NA,NA
"CA_Los Angeles_B6_B_371",3,2,NA,NA
"CA_Los Angeles_B66_B_378",2,2,NA,NA
"CA_Los Angeles_B69_B_381",2,2,NA,NA
"CA_Los Angeles_B7_B_382",3,3,NA,NA
"CA_Los Angeles_B72_B_385",9,6,0.0048453410176264,0.999990865912441
"CA_Los Angeles_B73_B_386",3,3,NA,NA
"CA_Los Angeles_B75_B_388",9,6,0.0363096992425196,0.999472940345275
"CA_Los Angeles_B76_B_389",8,6,0.0194249152549049,0.999856154687062
"CA_Los Angeles_B77_B_390",2,2,NA,NA
"CA_Los Angeles_B83_B_397",9,9,NA,NA
"CA_Los Angeles_B88_B_402",5,4,0.00560201505032432,0.999972276879307
"CA_Los Angeles_B93_B_408",5,3,0.0313924746586254,0.998133546467439
"CA_Los Angeles_B94_B_409",2,2,NA,NA
"CA_Los Angeles_C10_C_416",6,4,0.0234296681044113,0.999490607204192
"CA_Los Angeles_C105_C_422",6,2,0.0247884982065931,0.99431176673024
"CA_Los Angeles_C108_C_425",7,4,0.0062697901891918,0.999960527596199
"CA_Los Angeles_C109_C_426",2,2,NA,NA
"CA_Los Angeles_C110_C_429",13,8,0.0555338182609955,0.999317305728646
"CA_Los Angeles_C112_C_431",5,4,0.00560201505032432,0.999972276879307
"CA_Los Angeles_C117_C_436",3,2,NA,NA
"CA_Los Angeles_C120_C_440",3,2,NA,NA
"CA_Los Angeles_C122_C_442",2,2,NA,NA
"CA_Los Angeles_C123_C_443",2,2,NA,NA
"CA_Los Angeles_C124_C_444",5,5,NA,NA
"CA_Los Angeles_C125_C_445",3,2,NA,NA
"CA_Los Angeles_C134_C_456",32,20,0.0136453730947729,0.999994065048826
"CA_Los Angeles_C14_C_462",5,5,NA,NA
"CA_Los Angeles_C140_C_463",2,2,NA,NA
"CA_Los Angeles_C142_C_465",2,2,NA,NA
"CA_Los Angeles_C148_C_473",2,1,NA,NA
"CA_Los Angeles_C156_C_484",19,12,0.0164753096677473,0.999975021106811
"CA_Los Angeles_C16_C_488",4,4,NA,NA
"CA_Los Angeles_C160_C_489",13,9,0.0277107091946158,0.999873014686031
"CA_Los Angeles_C161_C_490",3,2,NA,NA
"CA_Los Angeles_C164_C_493",5,4,0.00560201505032432,0.999972276879307
"CA_Los Angeles_C165_C_494",3,2,NA,NA
"CA_Los Angeles_C166_C_495",4,2,0.0193729656210985,0.99725486228512
"CA_Los Angeles_C19_C_500",5,4,0.00560201505032432,0.999972276879307
"CA_Los Angeles_C20_C_502",14,11,0.0116767820138401,0.999985648903113
"CA_Los Angeles_C21_C_503",3,3,NA,NA
"CA_Los Angeles_C24_C_506",3,2,NA,NA
"CA_Los Angeles_C25_C_507",22,15,0.0268336255341067,0.999958638464463
"CA_Los Angeles_C26_C_508",3,3,NA,NA
"CA_Los Angeles_C27_C_509",6,6,NA,NA
"CA_Los Angeles_C28_C_510",4,4,NA,NA
"CA_Los Angeles_C29_C_511",7,4,0.0062697901891918,0.999960527596199
"CA_Los Angeles_C30_C_513",9,6,0.0048453410176264,0.999990865912441
"CA_Los Angeles_C32_C_515",14,6,0.0575036636981153,0.998482289384446
"CA_Los Angeles_C33_C_516",2,2,NA,NA
"CA_Los Angeles_C34_C_517",10,4,0.0253320554681882,0.999281463309285
"CA_Los Angeles_C39_C_522",5,3,0.0192610453171459,0.999239778961662
"CA_Los Angeles_C42_C_526",2,1,NA,NA
"CA_Los Angeles_C43_C_528",3,1,NA,NA
"CA_Los Angeles_C44_C_530",2,2,NA,NA
"CA_Los Angeles_C46_C_532",2,2,NA,NA
"CA_Los Angeles_C47_C_533",5,2,0.0240310806473435,0.995122526713859
"CA_Los Angeles_C48_C_534",4,3,0.00684715681898454,0.999916651455104
"CA_Los Angeles_C55_C_544",4,3,0.00684715681898454,0.999916651455104
"CA_Los Angeles_C61_C_552",2,2,NA,NA
"CA_Los Angeles_C63_C_554",13,6,0.053140836374091,0.998753779555802
"CA_Los Angeles_C66_C_557",5,4,0.00560201505032432,0.999972276879307
"CA_Los Angeles_C68_C_559",6,6,NA,NA
"CA_Los Angeles_C70_C_562",3,3,NA,NA
"CA_Los Angeles_C71_C_563",6,6,NA,NA
"CA_Los Angeles_C76_C_569",2,2,NA,NA
"CA_Los Angeles_C81_C_575",7,4,0.0336000624320332,0.998814781099918
"CA_Los Angeles_C82_C_576",2,2,NA,NA
"CA_Los Angeles_C84_C_578",3,3,NA,NA
"CA_Los Angeles_C86_C_580",2,1,NA,NA
"CA_Los Angeles_C88_C_582",2,2,NA,NA
"CA_Los Angeles_C89_C_583",10,9,0.00243733904829687,0.99999908956507
"CA_Los Angeles_C91_C_586",9,7,0.0128146003791018,0.999956515803299
"CA_Los Angeles_C95_C_590",4,4,NA,NA
"CA_Los Angeles_C96_C_591",9,8,0.0027692694163337,0.99999849947154
"CA_Los Angeles_C97_C_592",9,2,0.0205259388367305,0.995541544778367
"CA_Los Angeles_D11_D_597",3,3,NA,NA
"CA_Los Angeles_D23_D_610",21,12,0.0418674817398238,0.99983406207316
"CA_Los Angeles_D30_D_618",2,2,NA,NA
"CA_Los Angeles_D32_D_620",9,8,0.0027692694163337,0.99999849947154
"CA_Los Angeles_D34_D_622",4,4,NA,NA
"CA_Los Angeles_D35_D_623",4,2,0.0193729656210985,0.99725486228512
"CA_Los Angeles_D38_D_626",2,2,NA,NA
"CA_Los Angeles_D45_D_634",2,1,NA,NA
"CA_Los Angeles_D47_D_636",3,3,NA,NA
"CA_Los Angeles_D48_D_637",2,2,NA,NA
"CA_Los Angeles_D50_D_640",12,10,0.00867633330351212,0.999990593454204
"CA_Los Angeles_D52_D_642",14,9,0.0126138019955415,0.999973533284112
"CA_Los Angeles_D53_D_643",4,4,NA,NA
"CA_Los Angeles_D6_D_651",2,2,NA,NA
"CA_Los Angeles_D63_D_660",18,10,0.0225322071042451,0.999929650496264
"CA_Los Angeles_D67_D_666",17,8,0.0219613060513377,0.999891074945959
"CA_Los Angeles_D70_D_671",3,3,NA,NA
"CA_Oakland_A_A_675",181,94,0.431233584183155,0.999723671634296
"CA_Oakland_A1_A_676",25,19,0.0110739148838467,0.999995791897316
"CA_Oakland_A2_A_679",3,3,NA,NA
"CA_Oakland_A3_A_680",33,23,0.0575832979769767,0.999922935081898
"CA_Oakland_A4_A_681",71,43,0.103207186259748,0.999926059730108
"CA_Oakland_A5_A_682",2,2,NA,NA
"CA_Oakland_A6_A_683",3,3,NA,NA
"CA_Oakland_A7_A_684",23,19,0.0172472498659974,0.999989933679971
"CA_Oakland_A9_A_686",2,2,NA,NA
"CA_Oakland_B1_B_687",5,3,0.0192610453171459,0.999239778961662
"CA_Oakland_B11_B_689",11,9,0.00973467559660121,0.99998525255558
"CA_Oakland_B12_B_690",5,5,NA,NA
"CA_Oakland_B13_B_691",15,13,0.0194486374922292,0.999972073585763
"CA_Oakland_B14_B_692",21,15,0.0196743286470394,0.999978406549649
"CA_Oakland_B15_B_693",13,10,0.0108455820986598,0.999984874771844
"CA_Oakland_B16_B_694",4,4,NA,NA
"CA_Oakland_B17_B_695",53,32,0.0516985974093456,0.999966537413375
"CA_Oakland_B18_B_696",36,27,0.0482602418482014,0.999959958180113
"CA_Oakland_B19_B_697",7,7,NA,NA
"CA_Oakland_B21_B_700",18,18,NA,NA
"CA_Oakland_B22_B_701",16,14,0.0194354106687823,0.999976054437786
"CA_Oakland_B23_B_702",72,41,0.0921780948059631,0.999934686557733
"CA_Oakland_B24_B_703",3,3,NA,NA
"CA_Oakland_B25_B_704",3,3,NA,NA
"CA_Oakland_B26_B_705",2,2,NA,NA
"CA_Oakland_B28_B_707",2,2,NA,NA
"CA_Oakland_B29_B_708",3,2,NA,NA
"CA_Oakland_B3_B_709",3,3,NA,NA
"CA_Oakland_B30_B_710",3,2,NA,NA
"CA_Oakland_B38_B_718",12,12,NA,NA
"CA_Oakland_B4_B_720",38,31,0.0196144310211094,0.999995086498596
"CA_Oakland_B5_B_728",12,11,0.00195951155823258,0.99999961037677
"CA_Oakland_B7_B_730",513,360,0.462896307115951,0.999979618512627
"CA_Oakland_B8_B_731",33,23,0.0534289209168269,0.999931368877286
"CA_Oakland_C1_C_733",10,7,0.00688784619822614,0.999986883722665
"CA_Oakland_C1_C_734",7,5,0.019371319387171,0.999784072491819
"CA_Oakland_C1_C_735",3,3,NA,NA
"CA_Oakland_C10_C_736",18,11,0.0417710152967004,0.999805002034429
"CA_Oakland_C10_C_737",6,5,0.00453850627568286,0.999989006054452
"CA_Oakland_C11_C_738",3,2,NA,NA
"CA_Oakland_C13_C_742",18,15,0.0138326032890589,0.99998941360105
"CA_Oakland_C13_C_743",9,8,0.0027692694163337,0.99999849947154
"CA_Oakland_C14_C_744",34,16,0.106388849829789,0.999370505704383
"CA_Oakland_C15_C_746",33,25,0.03052520471186,0.99998139857249
"CA_Oakland_C16_C_747",27,20,0.0216113001036369,0.999985559177737
"CA_Oakland_C17_C_748",5,5,NA,NA
"CA_Oakland_C18_C_749",3,2,NA,NA
"CA_Oakland_C19_C_750",2,2,NA,NA
"CA_Oakland_C21_C_754",2,2,NA,NA
"CA_Oakland_C22_C_755",5,5,NA,NA
"CA_Oakland_C24_C_758",2,2,NA,NA
"CA_Oakland_C25_C_759",70,46,0.0784484422963911,0.999963370534631
"CA_Oakland_C29_C_764",215,75,0.281216363143703,0.999803697494165
"CA_Oakland_C3_C_765",6,5,0.00453850627568286,0.999989006054452
"CA_Oakland_C35_C_772",4,4,NA,NA
"CA_Oakland_C37_C_775",3,3,NA,NA
"CA_Oakland_C38_C_776",3,3,NA,NA
"CA_Oakland_C4_C_778",39,30,0.00302196590278092,0.999999875245481
"CA_Oakland_C40_C_779",8,6,0.0151622924263794,0.999915022268971
"CA_Oakland_C41_C_780",3,3,NA,NA
"CA_Oakland_C5_C_781",123,76,0.123984546155927,0.999966348001371
"CA_Oakland_C6_C_782",10,9,0.00243733904829687,0.99999908956507
"CA_Oakland_C6_C_783",80,39,0.0293765882250796,0.999992530985296
"CA_Oakland_C7_C_784",3,3,NA,NA
"CA_Oakland_C7_C_785",14,13,0.0016343241935979,0.999999807180766
"CA_Oakland_C7_C_786",2,1,NA,NA
"CA_Oakland_C9_C_789",13,12,0.00178267237489149,0.99999973000321
"CA_Oakland_C9_C_791",7,6,0.00376486817975351,0.999994909742269
"CA_Oakland_D1_D_792",7,7,NA,NA
"CA_Oakland_D11_D_794",20,17,0.0109566632511291,0.999994920444811
"CA_Oakland_D12_D_795",7,5,0.0184744559000108,0.999810909881063
"CA_Oakland_D16_D_799",2,2,NA,NA
"CA_Oakland_D2_D_805",18,17,0.00122313446393038,0.999999937270284
"CA_Oakland_D2_D_806",10,10,NA,NA
"CA_Oakland_D20_D_807",6,5,0.00453850627568286,0.999989006054452
"CA_Oakland_D3_D_808",13,10,0.0194195893823541,0.99995245553424
"CA_Oakland_D3_D_809",8,8,NA,NA
"CA_Oakland_D4_D_810",15,15,NA,NA
"CA_Oakland_D4_D_811",6,5,0.00453850627568286,0.999989006054452
"CA_Oakland_D6_D_813",5,5,NA,NA
"CA_Oakland_D7_D_814",44,39,0.0126548609220682,0.999998729762856
"CA_Oakland_D7_D_815",3,3,NA,NA
"CA_Oakland_D7_D_816",4,4,NA,NA
"CA_Oakland_D8_D_817",34,26,0.0501372882649916,0.999953513107097
"CA_Oakland_D9_D_818",3,3,NA,NA
"CA_Sacramento_A2_A_820",2,2,NA,NA
"CA_Sacramento_B2_B_830",2,2,NA,NA
"CA_Sacramento_C11_C_840",6,4,0.0193014138561595,0.999636467987627
"CA_Sacramento_C12_C_841",2,2,NA,NA
"CA_Sacramento_C17_C_847",2,2,NA,NA
"CA_Sacramento_C18_C_849",2,2,NA,NA
"CA_Sacramento_C19_C_852",2,2,NA,NA
"CA_Sacramento_C21_C_855",3,3,NA,NA
"CA_Sacramento_C7_C_870",11,7,0.0240402064668454,0.99983420421469
"CA_Sacramento_D4_D_877",2,2,NA,NA
"CA_Sacramento_D5_D_878",2,2,NA,NA
"CA_San Diego_A12_A_885",2,2,NA,NA
"CA_San Diego_A14_A_887",5,5,NA,NA
"CA_San Diego_B11_B_898",6,6,NA,NA
"CA_San Diego_B12_B_899",2,1,NA,NA
"CA_San Diego_B13_B_900",4,4,NA,NA
"CA_San Diego_B15_B_902",4,2,NA,NA
"CA_San Diego_B18_B_905",3,2,NA,NA
"CA_San Diego_B21_B_909",2,2,NA,NA
"CA_San Diego_B22_B_910",2,2,NA,NA
"CA_San Diego_B7_B_916",4,4,NA,NA
"CA_San Diego_B8_B_917",2,2,NA,NA
"CA_San Diego_C11_C_921",3,3,NA,NA
"CA_San Diego_C15_C_925",2,2,NA,NA
"CA_San Diego_C4_C_937",4,4,NA,NA
"CA_San Diego_C6_C_939",6,5,0.00453850627568286,0.999989006054452
"CA_San Diego_C7_C_940",3,3,NA,NA
"CA_San Diego_C8_C_941",8,5,0.0412101262349818,0.999042984933424
"CA_San Diego_D7_D_950",4,4,NA,NA
"CA_San Diego_D8_D_951",18,17,0.00122313446393038,0.999999937270284
"CA_San Diego_NA_B_953",3,3,NA,NA
"CA_San Diego_NA_B_954",3,3,NA,NA
"CA_San Diego_NA_B_959",5,4,0.00560201505032432,0.999972276879307
"CA_San Francisco_A1_A_960",7,7,NA,NA
"CA_San Francisco_A4_A_967",4,4,NA,NA
"CA_San Francisco_A6_A_969",13,7,0.0180831891054271,0.999902956944883
"CA_San Francisco_A7_A_970",3,3,NA,NA
"CA_San Francisco_A8_A_971",2,2,NA,NA
"CA_San Francisco_B1_B_973",18,15,0.0384122511602006,0.999917417627656
"CA_San Francisco_B10_B_974",5,5,NA,NA
"CA_San Francisco_B11_B_975",13,8,0.0422208172200282,0.999606310653489
"CA_San Francisco_B15_B_979",12,11,0.00195951155823258,0.99999961037677
"CA_San Francisco_B16_B_980",45,30,0.0335404522656323,0.999984211491017
"CA_San Francisco_B17_B_981",2,2,NA,NA
"CA_San Francisco_B18_B_982",5,3,0.0192610453171459,0.999239778961662
"CA_San Francisco_B19_B_983",11,7,0.047831162307913,0.999332475511983
"CA_San Francisco_B23_B_988",33,10,0.0362834743462144,0.999797423786177
"CA_San Francisco_B26_B_991",3,3,NA,NA
"CA_San Francisco_B27_B_992",4,4,NA,NA
"CA_San Francisco_B29_B_994",2,2,NA,NA
"CA_San Francisco_B3_B_995",2,2,NA,NA
"CA_San Francisco_B30_B_996",80,31,0.143664183404339,0.999695300393723
"CA_San Francisco_B33_B_999",2,2,NA,NA
"CA_San Francisco_B34_B_1000",31,14,0.0470062590323696,0.999840317372936
"CA_San Francisco_B4_B_1002",2,2,NA,NA
"CA_San Francisco_B5_B_1003",11,9,0.0194802155174373,0.999939728900571
"CA_San Francisco_B6_B_1004",35,16,0.0707580433491015,0.99972850711402
"CA_San Francisco_B7_B_1005",33,18,0.0188667897058861,0.999985624684566
"CA_San Francisco_B8_B_1006",5,5,NA,NA
"CA_San Francisco_C10_C_1010",2,2,NA,NA
"CA_San Francisco_C11_C_1011",4,4,NA,NA
"CA_San Francisco_C12_C_1012",12,10,0.00867633330351212,0.999990593454204
"CA_San Francisco_C13_C_1013",9,6,0.0338452027227721,0.9995699405908
"CA_San Francisco_C14_C_1015",5,5,NA,NA
"CA_San Francisco_C15_C_1016",7,5,0.0184744559000108,0.999810909881063
"CA_San Francisco_C16_C_1018",3,3,NA,NA
"CA_San Francisco_C16_C_1019",9,7,0.0128146003791018,0.999956515803299
"CA_San Francisco_C17_C_1020",7,7,NA,NA
"CA_San Francisco_C18_C_1021",20,13,0.0216383354494368,0.999963646130478
"CA_San Francisco_C19_C_1022",19,11,0.0262630226945559,0.999922026153628
"CA_San Francisco_C2_C_1023",4,4,NA,NA
"CA_San Francisco_C20_C_1024",11,10,0.00217356516736688,0.999999417206335
"CA_San Francisco_C21_C_1025",35,19,0.0469440045890513,0.99991910402181
"CA_San Francisco_C22_C_1026",4,3,0.00684715681898454,0.999916651455104
"CA_San Francisco_C24_C_1028",72,19,0.220884463712094,0.99770518268106
"CA_San Francisco_C25_C_1029",9,6,0.0048453410176264,0.999990865912441
"CA_San Francisco_C26_C_1031",10,9,0.00243733904829687,0.99999908956507
"CA_San Francisco_C5_C_1038",15,12,0.0123612668232876,0.999986587910093
"CA_San Francisco_C7_C_1040",5,4,0.00560201505032432,0.999972276879307
"CA_San Francisco_C9_C_1042",2,1,NA,NA
"CA_San Francisco_D11_D_1046",11,9,0.00973467559660121,0.99998525255558
"CA_San Francisco_D12_D_1047",3,3,NA,NA
"CA_San Francisco_D13_D_1048",21,15,0.0381252066200289,0.999916892056052
"CA_San Francisco_D15_D_1050",6,5,0.00453850627568286,0.999989006054452
"CA_San Francisco_D16_D_1051",23,18,0.0263611196529875,0.999973109399869
"CA_San Francisco_D2_D_1053",10,9,0.00243733904829687,0.99999908956507
"CA_San Francisco_D3_D_1054",18,14,0.0320068760326236,0.999933503053304
"CA_San Francisco_D3_D_1055",28,15,0.0724048486259885,0.999678550019767
"CA_San Francisco_D4_D_1056",7,7,NA,NA
"CA_San Francisco_D5_D_1057",7,7,NA,NA
"CA_San Francisco_D6_D_1058",2,2,NA,NA
"CA_San Francisco_D7_D_1059",4,4,NA,NA
"CA_San Francisco_D8_D_1060",11,10,0.00217356516736688,0.999999417206335
"CA_San Francisco_D9_D_1061",5,5,NA,NA
"CA_San Francisco_NA_B_1063",66,30,0.0684012101670509,0.999929970209883
"CA_San Jose_A1_A_1065",9,8,0.0027692694163337,0.99999849947154
"CA_San Jose_B2_B_1068",2,2,NA,NA
"CA_San Jose_B3_B_1070",4,3,0.00684715681898454,0.999916651455104
"CA_San Jose_C12_C_1078",9,7,0.0128146003791018,0.999956515803299
"CA_San Jose_C13_C_1079",4,4,NA,NA
"CA_San Jose_C14_C_1081",2,2,NA,NA
"CA_San Jose_C15_C_1082",4,4,NA,NA
"CA_San Jose_D11_D_1094",2,2,NA,NA
"CA_San Jose_D11_D_1095",4,3,0.00684715681898454,0.999916651455104
"CA_San Jose_D3_D_1097",3,3,NA,NA
"CA_Stockton_B1_B_1109",4,3,0.00684715681898454,0.999916651455104
"CO_Denver_A3_A_1151",4,4,NA,NA
"CO_Denver_A4_A_1152",2,2,NA,NA
"CO_Denver_B2_B_1159",3,3,NA,NA
"CO_Denver_B3_B_1160",2,1,NA,NA
"CO_Denver_B8_B_1166",3,3,NA,NA
"CO_Denver_C5_C_1185",3,2,NA,NA
"CO_Denver_C7_C_1187",22,15,0.0578038600649333,0.999805397484385
"CT_Hartford_A5_A_1248",2,2,NA,NA
"CT_Hartford_A6_A_1249",2,2,NA,NA
"CT_New Haven_A5_A_1302",6,6,NA,NA
"CT_New Haven_B3_B_1309",2,2,NA,NA
"CT_Stamford, Darien, and New Canaan_A8_A_1357",5,5,NA,NA
"FL_Jacksonville_B2_B_1403",11,10,0.00217356516736688,0.999999417206335
"FL_Jacksonville_C1_C_1413",2,2,NA,NA
"FL_Jacksonville_C2_C_1416",10,10,NA,NA
"FL_Jacksonville_C5_C_1426",6,6,NA,NA
"FL_Jacksonville_D1_D_1432",2,2,NA,NA
"FL_Jacksonville_D1_D_1440",14,14,NA,NA
"FL_Miami_A10_A_1447",5,3,0.0192610453171459,0.999239778961662
"FL_Miami_B19_B_1489",2,2,NA,NA
"FL_Miami_C14_C_1516",3,3,NA,NA
"FL_Miami_C15_C_1517",2,2,NA,NA
"FL_Miami_C2_C_1522",3,3,NA,NA
"FL_St. Petersburg_B1_B_1566",2,2,NA,NA
"FL_St. Petersburg_C3_C_1590",7,7,NA,NA
"FL_St. Petersburg_C4_C_1591",5,3,0.0192610453171459,0.999239778961662
"FL_Tampa_A1_A_1613",40,40,NA,NA
"FL_Tampa_A2_A_1614",2,2,NA,NA
"FL_Tampa_B1_B_1618",2,2,NA,NA
"FL_Tampa_B4_B_1621",2,1,NA,NA
"GA_Atlanta_A1_A_1639",2,2,NA,NA
"GA_Atlanta_A8_A_1646",2,2,NA,NA
"GA_Atlanta_B13_B_1653",3,3,NA,NA
"GA_Atlanta_B14_B_1654",42,33,0.0477590292449223,0.999974074198198
"GA_Atlanta_B16_B_1656",8,7,0.00319732044001254,0.999997354222772
"GA_Atlanta_B21_B_1662",2,2,NA,NA
"GA_Atlanta_B3_B_1670",2,2,NA,NA
"GA_Atlanta_B8_B_1676",5,3,0.0192610453171459,0.999239778961662
"GA_Atlanta_C15_C_1685",9,7,0.0194579313285413,0.999897079239929
"GA_Atlanta_C18_C_1688",2,2,NA,NA
"GA_Atlanta_C20_C_1691",10,8,0.0110731586844239,0.999975559224772
"GA_Atlanta_C23_C_1694",7,7,NA,NA
"GA_Atlanta_C25_C_1696",2,2,NA,NA
"GA_Atlanta_C26_C_1697",2,2,NA,NA
"GA_Atlanta_C27_C_1698",2,2,NA,NA
"GA_Atlanta_C41_C_1715",5,4,0.00560201505032432,0.999972276879307
"GA_Atlanta_C8_C_1721",9,7,0.0128146003791018,0.999956515803299
"GA_Atlanta_D10_D_1724",5,5,NA,NA
"GA_Atlanta_D11_D_1725",5,4,0.00560201505032432,0.999972276879307
"GA_Atlanta_D17_D_1732",7,7,NA,NA
"GA_Atlanta_D21_D_1738",2,2,NA,NA
"GA_Atlanta_D7_D_1756",3,2,NA,NA
"GA_Augusta_C3_C_1774",4,4,NA,NA
"GA_Augusta_D1_D_1781",3,3,NA,NA
"GA_Savannah_B5_B_1868",2,2,NA,NA
"IA_Davenport_B3A_B_1914",2,2,NA,NA
"IA_Des Moines_A1_A_1937",6,4,0.0234296681044113,0.999490607204192
"IA_Des Moines_C3_C_1953",3,3,NA,NA
"IA_Des Moines_C6_C_1956",2,2,NA,NA
"IA_Sioux City_B4_B_1987",2,2,NA,NA
"IL_Chicago_A16_A_2063",3,3,NA,NA
"IL_Chicago_A28_A_2076",14,10,0.034249671073718,0.999851305614639
"IL_Chicago_A29_A_2077",11,9,0.0194802155174373,0.999939728900571
"IL_Chicago_B101_B_2096",4,4,NA,NA
"IL_Chicago_B104_B_2099",5,5,NA,NA
"IL_Chicago_B106_B_2101",5,4,0.00560201505032432,0.999972276879307
"IL_Chicago_B25_B_2143",2,2,NA,NA
"IL_Chicago_B42_B_2162",3,3,NA,NA
"IL_Chicago_B43_B_2163",5,3,0.0192610453171459,0.999239778961662
"IL_Chicago_B47_B_2167",3,3,NA,NA
"IL_Chicago_B49_B_2169",2,2,NA,NA
"IL_Chicago_B56_B_2177",149,89,0.0497475719174637,0.999996073812819
"IL_Chicago_B57_B_2178",2,2,NA,NA
"IL_Chicago_B64_B_2186",2,2,NA,NA
"IL_Chicago_B66_B_2188",2,2,NA,NA
"IL_Chicago_B72_B_2195",2,2,NA,NA
"IL_Chicago_B9_B_2215",3,3,NA,NA
"IL_Chicago_B90_B_2216",2,2,NA,NA
"IL_Chicago_B94_B_2220",2,2,NA,NA
"IL_Chicago_C10_C_2227",2,2,NA,NA
"IL_Chicago_C112_C_2241",2,1,NA,NA
"IL_Chicago_C118_C_2247",7,4,0.0336000624320332,0.998814781099918
"IL_Chicago_C119_C_2248",7,5,0.0184744559000108,0.999810909881063
"IL_Chicago_C122_C_2252",4,4,NA,NA
"IL_Chicago_C138_C_2273",2,2,NA,NA
"IL_Chicago_C142_C_2278",4,4,NA,NA
"IL_Chicago_C154_C_2291",2,2,NA,NA
"IL_Chicago_C155_C_2292",3,2,NA,NA
"IL_Chicago_C210_C_2354",2,2,NA,NA
"IL_Chicago_C213_C_2357",2,2,NA,NA
"IL_Chicago_C215_C_2359",3,3,NA,NA
"IL_Chicago_C24_C_2386",4,3,0.00684715681898454,0.999916651455104
"IL_Chicago_C27_C_2422",3,3,NA,NA
"IL_Chicago_C28_C_2432",2,2,NA,NA
"IL_Chicago_C39_C_2444",4,4,NA,NA
"IL_Chicago_C44_C_2451",3,2,NA,NA
"IL_Chicago_C45_C_2452",3,3,NA,NA
"IL_Chicago_C47_C_2454",2,2,NA,NA
"IL_Chicago_C50_C_2458",3,3,NA,NA
"IL_Chicago_C55_C_2463",2,2,NA,NA
"IL_Chicago_C58_C_2466",2,2,NA,NA
"IL_Chicago_C59_C_2467",8,6,0.0194249152549049,0.999856154687062
"IL_Chicago_C61_C_2470",9,8,0.0027692694163337,0.99999849947154
"IL_Chicago_C63_C_2472",3,2,NA,NA
"IL_Chicago_C68_C_2477",2,2,NA,NA
"IL_Chicago_C69_C_2478",4,4,NA,NA
"IL_Chicago_C72_C_2482",4,4,NA,NA
"IL_Chicago_C74_C_2484",2,1,NA,NA
"IL_Chicago_C75_C_2485",6,4,0.0234296681044113,0.999490607204192
"IL_Chicago_C79_C_2489",3,3,NA,NA
"IL_Chicago_C8_C_2490",2,2,NA,NA
"IL_Chicago_C80_C_2491",3,3,NA,NA
"IL_Chicago_C85_C_2496",4,4,NA,NA
"IL_Chicago_C87_C_2498",3,3,NA,NA
"IL_Chicago_C89_C_2500",2,2,NA,NA
"IL_Chicago_D10_D_2513",2,2,NA,NA
"IL_Chicago_D13_D_2551",4,3,0.00684715681898454,0.999916651455104
"IL_Chicago_D29_D_2573",6,5,0.00453850627568286,0.999989006054452
"IL_Chicago_D3_D_2574",2,2,NA,NA
"IL_Chicago_D38_D_2583",3,2,NA,NA
"IL_Chicago_D41_D_2587",3,3,NA,NA
"IL_Chicago_D53_D_2602",3,3,NA,NA
"IL_Chicago_D61_D_2611",2,2,NA,NA
"IL_Chicago_D62_D_2612",2,2,NA,NA
"IL_Chicago_D72_D_2623",8,8,NA,NA
"IL_Chicago_D9_D_2644",12,10,0.00867633330351212,0.999990593454204
"IL_East St. Louis_D4_D_2731",2,2,NA,NA
"IL_Joliet_C4_C_2756",5,3,0.0313924746586254,0.998133546467439
"IL_Rockford_C1_C_2816",6,6,NA,NA
"IL_Rockford_C3_C_2818",2,2,NA,NA
"IL_Rockford_D4_D_2837",4,4,NA,NA
"IL_Rockford_D4_D_2838",4,4,NA,NA
"IN_Indianapolis_A1_A_2966",7,7,NA,NA
"IN_Indianapolis_A2_A_2967",18,12,0.00508452211049051,0.999997665629342
"IN_Indianapolis_B1_B_2971",2,2,NA,NA
"IN_Indianapolis_B12_B_2975",22,22,NA,NA
"IN_Indianapolis_B2_B_2982",3,3,NA,NA
"IN_Indianapolis_C1_C_2991",6,6,NA,NA
"IN_Indianapolis_C2_C_3003",3,2,NA,NA
"IN_Indianapolis_C23_C_3008",2,2,NA,NA
"IN_Indianapolis_C5_C_3015",30,23,0.0108075126568761,0.999997259406025
"IN_Indianapolis_C6_C_3016",2,2,NA,NA
"IN_Indianapolis_D1_D_3020",11,11,NA,NA
"IN_Indianapolis_D21_D_3040",6,5,0.00453850627568286,0.999989006054452
"IN_Indianapolis_D3_D_3049",2,2,NA,NA
"IN_Lake Co. Gary_C11_C_3088",5,5,NA,NA
"IN_Lake Co. Gary_D5_D_3132",3,2,NA,NA
"IN_South Bend_B5_B_3198",3,3,NA,NA
"IN_South Bend_C2_C_3206",2,2,NA,NA
"IN_Terre Haute_C4_C_3243",2,2,NA,NA
"IN_Terre Haute_D9_D_3264",24,17,0.0506073887296802,0.999886145391563
"KS_Wichita_D1_D_3326",3,2,NA,NA
"KS_Wichita_D11_D_3328",2,2,NA,NA
"KS_Wichita_D6_D_3335",3,3,NA,NA
"KS_Wichita_NA_D_3344",2,2,NA,NA
"KY_Covington_A8_A_3352",2,2,NA,NA
"KY_Lexington_A1_A_3394",2,2,NA,NA
"KY_Louisville_A3_A_3425",7,6,0.00376486817975351,0.999994909742269
"KY_Louisville_A6_A_3428",6,6,NA,NA
"KY_Louisville_A8_A_3430",3,3,NA,NA
"KY_Louisville_B13_B_3435",3,3,NA,NA
"KY_Louisville_C11_C_3449",4,4,NA,NA
"KY_Louisville_C4_C_3458",2,2,NA,NA
"KY_Louisville_C6_C_3460",4,3,0.00684715681898454,0.999916651455104
"KY_Louisville_C7_C_3461",3,2,NA,NA
"KY_Louisville_D6_D_3473",3,3,NA,NA
"LA_New Orleans_C11_C_3515",3,3,NA,NA
"LA_New Orleans_C14_C_3519",2,2,NA,NA
"MA_Arlington_B6_B_3668",2,2,NA,NA
"MA_Arlington_B8_B_3670",2,2,NA,NA
"MA_Arlington_B9_B_3671",9,7,0.0194579313285413,0.999897079239929
"MA_Arlington_C2_C_3673",4,2,0.0193729656210985,0.99725486228512
"MA_Arlington_C4_C_3675",3,2,NA,NA
"MA_Belmont_A1_A_3676",18,8,0.0327912230347448,0.999745158189959
"MA_Boston_B5_B_3697",2,2,NA,NA
"MA_Boston_C1_C_3701",8,4,0.0406229822867029,0.998174725015636
"MA_Boston_C10_C_3702",4,3,0.00684715681898454,0.999916651455104
"MA_Boston_C12_C_3704",4,4,NA,NA
"MA_Boston_C14_C_3706",18,12,0.0350187551118074,0.999887318851822
"MA_Boston_C16_C_3708",3,3,NA,NA
"MA_Boston_C17_C_3709",9,9,NA,NA
"MA_Boston_C3_C_3712",4,4,NA,NA
"MA_Boston_C6_C_3715",13,11,0.0194709985676792,0.999960448739823
"MA_Boston_D7_D_3728",2,2,NA,NA
"MA_Brookline_A1_A_3756",2,2,NA,NA
"MA_Brookline_A2_A_3757",3,3,NA,NA
"MA_Brookline_B1_B_3758",3,3,NA,NA
"MA_Brookline_C2_C_3767",10,8,0.0194747494407256,0.999922650106403
"MA_Cambridge_B2_B_3773",2,2,NA,NA
"MA_Cambridge_C1_C_3779",3,3,NA,NA
"MA_Cambridge_C2_C_3780",2,2,NA,NA
"MA_Cambridge_C3_C_3781",2,2,NA,NA
"MA_Cambridge_C4_C_3782",2,2,NA,NA
"MA_Cambridge_C5_C_3783",3,3,NA,NA
"MA_Cambridge_D1_D_3785",3,2,NA,NA
"MA_Cambridge_D1_D_3786",9,6,0.0048453410176264,0.999990865912441
"MA_Dedham_D2_D_3802",33,29,0.0110429633779375,0.999998245638045
"MA_Lexington_C2_C_3869",3,3,NA,NA
"MA_Malden_C1_C_3875",4,4,NA,NA
"MA_Malden_D2_D_3879",2,2,NA,NA
"MA_Medford_B2_B_3883",3,3,NA,NA
"MA_Medford_B3_B_3884",2,2,NA,NA
"MA_Melrose_C1_C_3898",5,4,0.00560201505032432,0.999972276879307
"MA_Milton_A1_A_3899",3,2,NA,NA
"MA_Newton_A2_A_3913",8,5,0.0352878602133149,0.99924078239533
"MA_Newton_B3_B_3917",2,2,NA,NA
"MA_Newton_B4_B_3918",36,18,0.086285942428933,0.999688433513718
"MA_Newton_B6_B_3920",3,3,NA,NA
"MA_Newton_C1_C_3922",8,8,NA,NA
"MA_Newton_C2_C_3923",3,2,NA,NA
"MA_Saugus_B1_B_3942",2,2,NA,NA
"MA_Saugus_D3_D_3947",4,3,0.00684715681898454,0.999916651455104
"MA_Somerville_B4_B_3949",3,3,NA,NA
"MA_Somerville_C1_C_3950",4,4,NA,NA
"MA_Somerville_C4_C_3953",8,7,0.00319732044001254,0.999997354222772
"MA_Somerville_C7_C_3954",4,4,NA,NA
"MA_Waltham_A1_A_3956",9,5,0.0440270459679754,0.998766803513544
"MA_Waltham_C1_C_3962",6,6,NA,NA
"MA_Waltham_C1_C_3963",2,2,NA,NA
"MA_Waltham_C2_C_3964",3,3,NA,NA
"MA_Waltham_C2_C_3966",4,3,0.00684715681898454,0.999916651455104
"MA_Waltham_D1_D_3969",2,2,NA,NA
"MA_Watertown_B1_B_3970",3,3,NA,NA
"MA_Watertown_C1_C_3971",7,7,NA,NA
"MD_Baltimore_A1_A_3990",8,8,NA,NA
"MD_Baltimore_A3_A_3993",9,8,0.0027692694163337,0.99999849947154
"MD_Baltimore_A5_A_3995",3,3,NA,NA
"MD_Baltimore_B1_B_3997",39,33,0.0216456818401164,0.999994796046348
"MD_Baltimore_B10_B_3998",13,12,0.00178267237489149,0.99999973000321
"MD_Baltimore_B14_B_4002",7,7,NA,NA
"MD_Baltimore_B16_B_4004",3,2,NA,NA
"MD_Baltimore_B2_B_4010",6,6,NA,NA
"MD_Baltimore_B3_B_4015",2,2,NA,NA
"MD_Baltimore_C12_C_4027",2,2,NA,NA
"MD_Baltimore_C13_C_4029",12,9,0.00981930788055508,0.999984501594241
"MD_Baltimore_C14_C_4031",2,2,NA,NA
"MD_Baltimore_C4_C_4044",2,2,NA,NA
"MD_Baltimore_C6_C_4046",2,2,NA,NA
"MD_Baltimore_C8_C_4048",3,3,NA,NA
"MD_Baltimore_D1_D_4052",6,5,0.00453850627568286,0.999989006054452
"MD_Baltimore_D5_D_4057",16,9,0.00486533884269378,0.999995954063762
"MD_Baltimore_D8_D_4060",2,2,NA,NA
"MD_Baltimore_D9_D_4061",5,5,NA,NA
"MI_Detroit_C37_C_4239",2,1,NA,NA
"MI_Detroit_C50_C_4254",2,2,NA,NA
"MI_Detroit_C72_C_4277",2,2,NA,NA
"MI_Detroit_C85_C_4291",2,2,NA,NA
"MI_Detroit_D37_D_4339",34,14,0.0906663713541307,0.999374630018847
"MI_Grand Rapids_C26_C_4473",2,2,NA,NA
"MI_Grand Rapids_C6_C_4479",47,26,0.105997730801029,0.999779357874675
"MI_Kalamazoo_A2_A_4515",2,2,NA,NA
"MI_Kalamazoo_C15_C_4532",3,3,NA,NA
"MI_Kalamazoo_C16_C_4534",2,2,NA,NA
"MI_Lansing_B_B_4578",8,8,NA,NA
"MI_Lansing_C_C_4583",8,7,0.00319732044001254,0.999997354222772
"MI_Lansing_C_C_4586",3,3,NA,NA
"MI_Lansing_C_C_4590",4,4,NA,NA
"MN_Duluth_B1_B_4701",3,2,NA,NA
"MN_Duluth_B4_B_4704",6,6,NA,NA
"MN_Duluth_C5_C_4716",2,2,NA,NA
"MN_Duluth_C6_C_4717",2,1,NA,NA
"MN_Duluth_C9_C_4720",3,3,NA,NA
"MN_Duluth_D2_D_4722",3,2,NA,NA
"MN_Minneapolis_A1_A_4730",9,7,0.0128146003791018,0.999956515803299
"MN_Minneapolis_A2_A_4737",4,4,NA,NA
"MN_Minneapolis_A5_A_4740",2,1,NA,NA
"MN_Minneapolis_A9_A_4747",2,2,NA,NA
"MN_Minneapolis_B13_B_4752",4,4,NA,NA
"MN_Minneapolis_B16_B_4756",14,12,0.00711375496034056,0.999995659805495
"MN_Minneapolis_B18_B_4758",3,3,NA,NA
"MN_Minneapolis_B19_B_4759",4,4,NA,NA
"MN_Minneapolis_B20_B_4761",3,3,NA,NA
"MN_Minneapolis_B21_B_4762",2,2,NA,NA
"MN_Minneapolis_B21_B_4763",2,2,NA,NA
"MN_Minneapolis_B22_B_4765",3,3,NA,NA
"MN_Minneapolis_C12_C_4779",4,2,0.0193729656210985,0.99725486228512
"MN_Minneapolis_C13_C_4780",2,2,NA,NA
"MN_Minneapolis_C15_C_4782",2,2,NA,NA
"MN_Minneapolis_C16_C_4783",2,2,NA,NA
"MN_Minneapolis_C4_C_4790",2,2,NA,NA
"MN_Minneapolis_C6_C_4794",3,3,NA,NA
"MN_Minneapolis_D11_D_4801",7,7,NA,NA
"MN_Minneapolis_D5_D_4810",3,3,NA,NA
"MN_Rochester_C_C_4819",14,14,NA,NA
"MN_St. Paul_A2_A_4829",13,11,0.00781999018438143,0.999993726388311
"MN_St. Paul_B1_B_4834",19,19,NA,NA
"MN_St. Paul_B4_B_4842",3,3,NA,NA
"MN_St. Paul_B6_B_4844",3,3,NA,NA
"MN_St. Paul_C5_C_4855",2,1,NA,NA
"MN_St. Paul_C6_C_4856",4,4,NA,NA
"MN_St. Paul_D3_D_4862",3,3,NA,NA
"MN_St. Paul_D6_D_4866",78,71,0.00813331687635857,0.999999841755311
"MO_Greater Kansas City_A5_A_4875",2,2,NA,NA
"MO_Greater Kansas City_A8_A_4878",4,4,NA,NA
"MO_Greater Kansas City_B10_B_4881",3,3,NA,NA
"MO_Greater Kansas City_C9_C_4950",2,2,NA,NA
"MO_St. Louis_A11_A_5054",2,2,NA,NA
"MO_St. Louis_B1_B_5084",11,11,NA,NA
"MO_St. Louis_B17_B_5093",4,4,NA,NA
"MO_St. Louis_B19_B_5095",11,4,0.0357232334374928,0.99841540832544
"MO_St. Louis_B24_B_5101",4,3,0.00684715681898454,0.999916651455104
"MO_St. Louis_B4_B_5119",2,2,NA,NA
"MO_St. Louis_B5_B_5122",5,5,NA,NA
"MO_St. Louis_B6_B_5123",2,2,NA,NA
"MO_St. Louis_B7_B_5125",4,3,0.00684715681898454,0.999916651455104
"MO_St. Louis_B8_B_5126",2,2,NA,NA
"MO_St. Louis_B9_B_5127",4,3,0.00684715681898454,0.999916651455104
"MO_St. Louis_C8_C_5171",3,3,NA,NA
"MO_St. Louis_C9_C_5172",2,2,NA,NA
"MO_St. Louis_D10_D_5174",3,3,NA,NA
"MO_St. Louis_D2_D_5181",2,2,NA,NA
"MO_St. Louis_D9_D_5188",2,2,NA,NA
"MS_Jackson_A2_A_5190",3,3,NA,NA
"MS_Jackson_C6_C_5205",2,2,NA,NA
"NC_Asheville_B1_B_5217",3,3,NA,NA
"NC_Asheville_B2_B_5219",2,2,NA,NA
"NC_Asheville_B3_B_5220",2,2,NA,NA
"NC_Asheville_B4_B_5221",3,3,NA,NA
"NC_Asheville_B9_B_5226",2,2,NA,NA
"NC_Asheville_C2_C_5228",23,22,0.000928166557500036,0.999999978514732
"NC_Asheville_C3_C_5229",4,3,0.00684715681898454,0.999916651455104
"NC_Asheville_C4_C_5230",3,3,NA,NA
"NC_Charlotte_A2_A_5236",6,5,0.00453850627568286,0.999989006054452
"NC_Charlotte_B3_B_5240",3,3,NA,NA
"NC_Charlotte_B4_B_5241",2,2,NA,NA
"NC_Charlotte_B5_B_5242",2,2,NA,NA
"NC_Charlotte_C11_C_5247",2,1,NA,NA
"NC_Charlotte_D1_D_5258",4,4,NA,NA
"NC_Durham_A3_A_5271",5,5,NA,NA
"NC_Durham_A4_A_5273",2,2,NA,NA
"NC_Durham_A5_A_5274",10,8,0.0110731586844239,0.999975559224772
"NC_Durham_B6_B_5280",3,3,NA,NA
"NC_Durham_C1_C_5281",7,7,NA,NA
"NC_Durham_C3_C_5283",5,4,0.00560201505032432,0.999972276879307
"NC_Durham_C4_C_5284",28,24,0.0134722407483527,0.999996174390415
"NC_Durham_C5_C_5285",8,7,0.00319732044001254,0.999997354222772
"NC_Durham_D4_D_5291",5,4,0.00560201505032432,0.999972276879307
"NC_Durham_D5_D_5292",3,3,NA,NA
"NC_Durham_D6_D_5293",2,2,NA,NA
"NC_Greensboro_A1_A_5294",7,6,0.00376486817975351,0.999994909742269
"NC_Greensboro_C1_C_5304",4,4,NA,NA
"NE_Lincoln_A1_A_5339",5,3,0.0313924746586254,0.998133546467439
"NE_Lincoln_C18_C_5355",5,4,0.00560201505032432,0.999972276879307
"NE_Omaha_A_A_5364",18,14,0.00455071609681052,0.999998673407378
"NE_Omaha_B_B_5365",27,15,0.0601949850881453,0.999782134912181
"NE_Omaha_C_C_5367",2,2,NA,NA
"NE_Omaha_C_C_5368",5,4,0.00560201505032432,0.999972276879307
"NE_Omaha_D_D_5370",3,1,NA,NA
"NJ_Atlantic City_C11_C_5411",19,12,0.0482907723058837,0.999782243818106
"NJ_Atlantic City_C12_C_5412",5,2,0.0240310806473435,0.995122526713859
"NJ_Atlantic City_C14_C_5414",2,2,NA,NA
"NJ_Atlantic City_C2_C_5416",2,2,NA,NA
"NJ_Atlantic City_D2_D_5425",8,6,0.0194249152549049,0.999856154687062
"NJ_Bergen Co._B17_B_5445",2,1,NA,NA
"NJ_Bergen Co._B34_B_5465",8,6,0.0194249152549049,0.999856154687062
"NJ_Bergen Co._C17_C_5500",2,2,NA,NA
"NJ_Bergen Co._C2_C_5503",2,2,NA,NA
"NJ_Bergen Co._C23_C_5507",6,4,0.0193014138561595,0.999636467987627
"NJ_Bergen Co._C24_C_5508",6,3,0.0149663495039215,0.999529027797839
"NJ_Bergen Co._C4_C_5525",3,3,NA,NA
"NJ_Bergen Co._C42_C_5529",2,2,NA,NA
"NJ_Bergen Co._C44_C_5531",3,3,NA,NA
"NJ_Bergen Co._C7_C_5565",2,2,NA,NA
"NJ_Bergen Co._D1_D_5575",2,2,NA,NA
"NJ_Bergen Co._D2_D_5587",6,4,0.0193014138561595,0.999636467987627
"NJ_Camden_B13_B_5611",4,4,NA,NA
"NJ_Camden_B7_B_5619",2,2,NA,NA
"NJ_Camden_C9_C_5640",2,2,NA,NA
"NJ_Essex Co._A1_A_5653",6,5,0.00453850627568286,0.999989006054452
"NJ_Essex Co._A12_A_5656",2,2,NA,NA
"NJ_Essex Co._A2_A_5664",2,2,NA,NA
"NJ_Essex Co._A24_A_5669",4,4,NA,NA
"NJ_Essex Co._A25_A_5670",7,6,0.00376486817975351,0.999994909742269
"NJ_Essex Co._A4_A_5678",14,10,0.0031116824128028,0.999998746612201
"NJ_Essex Co._A7_A_5681",3,3,NA,NA
"NJ_Essex Co._B10_B_5685",4,4,NA,NA
"NJ_Essex Co._B13_B_5688",2,2,NA,NA
"NJ_Essex Co._B14_B_5689",4,3,0.00684715681898454,0.999916651455104
"NJ_Essex Co._B17_B_5692",2,2,NA,NA
"NJ_Essex Co._B38_B_5715",4,4,NA,NA
"NJ_Essex Co._B41_B_5719",22,21,0.000975353059597813,0.999999973946586
"NJ_Essex Co._B46_B_5724",3,3,NA,NA
"NJ_Essex Co._C28_C_5750",2,2,NA,NA
"NJ_Essex Co._D8_D_5796",5,5,NA,NA
"NJ_Hudson Co._C15_C_5811",2,2,NA,NA
"NJ_Hudson Co._C4_C_5821",2,1,NA,NA
"NJ_Hudson Co._C8_C_5825",2,2,NA,NA
"NJ_Hudson Co._D20_D_5841",3,3,NA,NA
"NJ_Union Co._A2_A_5906",7,4,0.0522450832156431,0.997427925244418
"NJ_Union Co._A8_A_5912",6,5,0.00453850627568286,0.999989006054452
"NJ_Union Co._B21_B_5928",5,5,NA,NA
"NJ_Union Co._B33_B_5941",2,2,NA,NA
"NJ_Union Co._B5_B_5949",4,4,NA,NA
"NJ_Union Co._C1_C_5954",3,2,NA,NA
"NJ_Union Co._C14_C_5960",2,2,NA,NA
"NJ_Union Co._C15_C_5961",2,2,NA,NA
"NJ_Union Co._C2_C_5966",4,4,NA,NA
"NJ_Union Co._C22_C_5969",2,1,NA,NA
"NJ_Union Co._C33_C_5983",2,2,NA,NA
"NJ_Union Co._C35_C_5985",3,2,NA,NA
"NJ_Union Co._C40_C_5992",3,3,NA,NA
"NJ_Union Co._C44_C_5996",5,5,NA,NA
"NJ_Union Co._C6_C_6006",3,3,NA,NA
"NJ_Union Co._D10_D_6011",2,2,NA,NA
"NJ_Union Co._D11_D_6012",2,2,NA,NA
"NJ_Union Co._D22_D_6024",2,2,NA,NA
"NJ_Union Co._D23_D_6025",6,6,NA,NA
"NJ_Union Co._D3_D_6027",3,2,NA,NA
"NY_Binghamton-Johnson City_A4_A_6065",2,1,NA,NA
"NY_Binghamton-Johnson City_B8_B_6080",2,2,NA,NA
"NY_Bronx_A1_A_6103",32,20,0.121392861848781,0.999510357461921
"NY_Bronx_B1_B_6105",12,9,0.00981930788055508,0.999984501594241
"NY_Bronx_B2_B_6108",8,4,0.0406229822867029,0.998174725015636
"NY_Bronx_B3_B_6109",6,6,NA,NA
"NY_Bronx_B5_B_6111",12,11,0.00195951155823258,0.99999961037677
"NY_Bronx_C1_C_6117",11,8,0.0374096664646956,0.999704545479326
"NY_Bronx_C12_C_6120",2,2,NA,NA
"NY_Bronx_C13_C_6121",2,2,NA,NA
"NY_Bronx_C16_C_6124",2,2,NA,NA
"NY_Bronx_C18_C_6126",11,11,NA,NA
"NY_Bronx_C21_C_6130",3,3,NA,NA
"NY_Bronx_C22_C_6131",14,14,NA,NA
"NY_Bronx_C23_C_6132",2,2,NA,NA
"NY_Bronx_C3_C_6133",2,2,NA,NA
"NY_Bronx_D5_D_6144",3,3,NA,NA
"NY_Bronx_D7_D_6146",6,4,0.0193014138561595,0.999636467987627
"NY_Brooklyn_A1_A_6147",2,2,NA,NA
"NY_Brooklyn_B13_B_6152",5,5,NA,NA
"NY_Brooklyn_B16_B_6155",3,2,NA,NA
"NY_Brooklyn_B3_B_6158",23,21,0.00389537595814475,0.999999582992172
"NY_Brooklyn_B5_B_6160",10,9,0.00243733904829687,0.99999908956507
"NY_Brooklyn_B7_B_6162",23,13,0.056927284395291,0.999737237530427
"NY_Brooklyn_B9_B_6164",4,4,NA,NA
"NY_Brooklyn_C10_C_6166",9,8,0.0027692694163337,0.99999849947154
"NY_Brooklyn_C11_C_6167",2,2,NA,NA
"NY_Brooklyn_C12_C_6168",35,34,NA,NA
"NY_Brooklyn_C17_C_6173",8,7,0.00319732044001254,0.999997354222772
"NY_Brooklyn_C18_C_6174",2,2,NA,NA
"NY_Brooklyn_C19_C_6175",2,2,NA,NA
"NY_Brooklyn_C22_C_6179",2,2,NA,NA
"NY_Brooklyn_C25_C_6182",2,2,NA,NA
"NY_Brooklyn_C3_C_6183",2,2,NA,NA
"NY_Brooklyn_C5_C_6185",10,7,0.00688784619822614,0.999986883722665
"NY_Brooklyn_C6_C_6186",14,9,0.0442784815842999,0.999666082990682
"NY_Brooklyn_C7_C_6187",3,3,NA,NA
"NY_Brooklyn_D1_D_6190",4,4,NA,NA
"NY_Brooklyn_D14_D_6195",4,3,0.00684715681898454,0.999916651455104
"NY_Brooklyn_D2_D_6201",8,6,0.0151622924263794,0.999915022268971
"NY_Brooklyn_D3_D_6207",7,4,0.0336000624320332,0.998814781099918
"NY_Brooklyn_D5_D_6209",22,11,0.0262022232318111,0.999920811937291
"NY_Brooklyn_D6_D_6210",19,9,0.0490529169777918,0.999569847657981
"NY_Brooklyn_D7_D_6211",4,4,NA,NA
"NY_Brooklyn_D8_D_6212",18,13,0.0101118383228027,0.999992338401763
"NY_Brooklyn_D9_D_6213",145,88,0.0502627324176099,0.999995902657868
"NY_Buffalo_A3_A_6216",2,2,NA,NA
"NY_Buffalo_B10_B_6225",2,2,NA,NA
"NY_Buffalo_B11_B_6227",5,4,0.00560201505032432,0.999972276879307
"NY_Buffalo_B3_B_6233",2,2,NA,NA
"NY_Buffalo_B8_B_6239",18,17,0.00122313446393038,0.999999937270284
"NY_Lower Westchester Co._A1_A_6296",13,12,0.00178267237489149,0.99999973000321
"NY_Lower Westchester Co._A13_A_6300",20,18,0.00459259955482977,0.99999920834069
"NY_Lower Westchester Co._A14_A_6301",20,17,0.0109566632511291,0.999994920444811
"NY_Lower Westchester Co._A18_A_6305",27,19,0.0213969258863036,0.999983915843592
"NY_Lower Westchester Co._A6_A_6314",2,2,NA,NA
"NY_Lower Westchester Co._A8_A_6316",3,3,NA,NA
"NY_Lower Westchester Co._B13_B_6323",3,3,NA,NA
"NY_Lower Westchester Co._B22_B_6334",3,3,NA,NA
"NY_Lower Westchester Co._B26_B_6340",10,5,0.108025289192851,0.993490175540488
"NY_Lower Westchester Co._B28_B_6344",29,19,0.0213774434127474,0.999983787887666
"NY_Lower Westchester Co._B7_B_6351",2,2,NA,NA
"NY_Lower Westchester Co._C9_C_6394",3,2,NA,NA
"NY_Lower Westchester Co._D1_D_6397",8,7,0.00319732044001254,0.999997354222772
"NY_Manhattan_A1_A_6419",9,8,0.0027692694163337,0.99999849947154
"NY_Manhattan_A3_A_6421",4,4,NA,NA
"NY_Manhattan_A4_A_6422",22,10,0.0628976529331327,0.999411873136292
"NY_Manhattan_A5_A_6423",41,11,0.132179676982962,0.997498012066141
"NY_Manhattan_A6_A_6424",54,18,0.131875653994986,0.999193995621348
"NY_Manhattan_A7_A_6425",4,4,NA,NA
"NY_Manhattan_A8_A_6426",11,11,NA,NA
"NY_Manhattan_B1_B_6427",9,7,0.0194579313285413,0.999897079239929
"NY_Manhattan_B11_B_6429",29,19,0.0213774434127474,0.999983787887666
"NY_Manhattan_B4_B_6433",42,14,0.0423387711075747,0.999873399299388
"NY_Manhattan_B5_B_6434",224,47,0.315279545966808,0.999294938783554
"NY_Manhattan_B6_B_6435",28,21,0.00821970746603939,0.999998089984544
"NY_Manhattan_B7_B_6436",9,8,0.0027692694163337,0.99999849947154
"NY_Manhattan_B8_B_6437",10,6,0.0462707741367797,0.999112959829206
"NY_Manhattan_B9_B_6438",3,2,NA,NA
"NY_Manhattan_C4_C_6442",4,4,NA,NA
"NY_Manhattan_C5_C_6443",3,3,NA,NA
"NY_Manhattan_C6_C_6444",5,4,0.00560201505032432,0.999972276879307
"NY_Manhattan_D1_D_6445",10,6,0.0211936368295411,0.999817515254578
"NY_Manhattan_D10_D_6446",2,2,NA,NA
"NY_Manhattan_D11_D_6447",4,3,0.00684715681898454,0.999916651455104
"NY_Manhattan_D15_D_6451",25,12,0.112598465093985,0.998717786706869
"NY_Manhattan_D16_D_6452",24,10,0.0474356333516011,0.999656988939846
"NY_Manhattan_D17_D_6453",688,58,0.543279114880395,0.998432956275926
"NY_Manhattan_D18_D_6454",6,3,0.0149663495039215,0.999529027797839
"NY_Manhattan_D19_D_6455",10,8,0.0110731586844239,0.999975559224772
"NY_Manhattan_D20_D_6457",36,21,0.060538521361667,0.999890217901546
"NY_Manhattan_D21_D_6458",3,2,NA,NA
"NY_Manhattan_D22_D_6459",5,5,NA,NA
"NY_Manhattan_D23_D_6460",4,3,0.00684715681898454,0.999916651455104
"NY_Manhattan_D24_D_6461",4,4,NA,NA
"NY_Manhattan_D25_D_6462",5,4,0.00560201505032432,0.999972276879307
"NY_Manhattan_D26_D_6463",36,13,0.157449344368144,0.997678696214048
"NY_Manhattan_D27_D_6464",5,5,NA,NA
"NY_Manhattan_D3_D_6465",35,25,0.00724200110463068,0.999998952690383
"NY_Manhattan_D5_D_6467",21,12,0.0484640552405499,0.999776357741955
"NY_Manhattan_D6_D_6468",2,2,NA,NA
"NY_Manhattan_D8_D_6470",3,2,NA,NA
"NY_Poughkeepsie_A1_A_6497",2,2,NA,NA
"NY_Queens_B1_B_6515",7,6,0.00376486817975351,0.999994909742269
"NY_Queens_B2_B_6525",2,2,NA,NA
"NY_Queens_B4_B_6527",2,2,NA,NA
"NY_Queens_B5_B_6528",3,3,NA,NA
"NY_Queens_B6_B_6529",12,7,0.00704519848795997,0.999985654678707
"NY_Queens_C106_C_6541",3,3,NA,NA
"NY_Queens_C2_C_6553",2,2,NA,NA
"NY_Queens_C23_C_6557",2,2,NA,NA
"NY_Queens_C27_C_6561",4,2,0.0193729656210985,0.99725486228512
"NY_Queens_C35_C_6570",2,2,NA,NA
"NY_Queens_C36_C_6571",3,3,NA,NA
"NY_Queens_C46_C_6582",7,7,NA,NA
"NY_Queens_C48_C_6584",2,2,NA,NA
"NY_Queens_C51_C_6588",3,3,NA,NA
"NY_Queens_C55_C_6592",2,2,NA,NA
"NY_Queens_C56_C_6593",2,2,NA,NA
"NY_Queens_C57_C_6594",6,6,NA,NA
"NY_Queens_D1_D_6643",3,3,NA,NA
"NY_Queens_D13_D_6647",6,4,0.0234296681044113,0.999490607204192
"NY_Queens_D3_D_6667",3,3,NA,NA
"NY_Queens_D32_D_6671",2,2,NA,NA
"NY_Queens_D4_D_6677",12,9,0.02177572786472,0.99992544865496
"NY_Rochester_A3_A_6698",4,3,0.00684715681898454,0.999916651455104
"NY_Rochester_A9_A_6704",2,2,NA,NA
"NY_Rochester_B13_B_6709",4,4,NA,NA
"NY_Rochester_B3_B_6714",3,3,NA,NA
"NY_Rochester_C18_C_6730",3,2,NA,NA
"NY_Rochester_C21_C_6734",2,2,NA,NA
"NY_Rochester_C3_C_6740",2,2,NA,NA
"NY_Rochester_C4_C_6741",2,2,NA,NA
"NY_Rochester_D2_D_6748",5,4,0.00560201505032432,0.999972276879307
"NY_Staten Island_A1_A_6793",3,3,NA,NA
"NY_Staten Island_A3_A_6795",4,4,NA,NA
"NY_Staten Island_B5_B_6807",2,2,NA,NA
"NY_Staten Island_C15_C_6818",2,2,NA,NA
"NY_Staten Island_C16_C_6819",81,60,NA,NA
"NY_Staten Island_C22_C_6828",2,2,NA,NA
"NY_Staten Island_C23_C_6830",2,2,NA,NA
"NY_Staten Island_C24_C_6831",5,5,NA,NA
"NY_Staten Island_D12_D_6842",4,3,0.00684715681898454,0.999916651455104
"NY_Staten Island_D15_D_6845",3,2,NA,NA
"NY_Staten Island_D20_D_6854",12,12,NA,NA
"NY_Staten Island_D21_D_6855",7,7,NA,NA
"NY_Syracuse_B12_B_6879",3,3,NA,NA
"NY_Syracuse_B8_B_6895",15,12,0.0159375287572676,0.999978065093646
"NY_Syracuse_B9_B_6896",10,4,0.0253320554681882,0.999281463309285
"NY_Syracuse_C8_C_6921",2,2,NA,NA
"NY_Syracuse_D5_D_6931",31,13,0.10951894020582,0.998945685911155
"NY_Troy_D6_D_6965",3,3,NA,NA
"NY_Utica_C10_C_6979",2,2,NA,NA
"OH_Akron_A1_A_6995",5,5,NA,NA
"OH_Akron_A2_A_6998",5,5,NA,NA
"OH_Akron_A3_A_6999",9,8,0.0027692694163337,0.99999849947154
"OH_Akron_A4_A_7000",3,3,NA,NA
"OH_Akron_A5_A_7001",8,8,NA,NA
"OH_Akron_A6_A_7002",3,2,NA,NA
"OH_Akron_A7_A_7003",2,2,NA,NA
"OH_Akron_A8_A_7004",2,2,NA,NA
"OH_Akron_B11_B_7008",2,2,NA,NA
"OH_Akron_B12_B_7009",4,4,NA,NA
"OH_Akron_B2_B_7017",8,8,NA,NA
"OH_Akron_B4_B_7019",3,3,NA,NA
"OH_Akron_B7_B_7022",2,2,NA,NA
"OH_Akron_C10_C_7026",3,3,NA,NA
"OH_Akron_C11_C_7027",2,2,NA,NA
"OH_Akron_C13_C_7029",3,3,NA,NA
"OH_Akron_C14_C_7030",3,3,NA,NA
"OH_Akron_C15_C_7031",7,7,NA,NA
"OH_Akron_C2_C_7036",3,3,NA,NA
"OH_Akron_C20_C_7037",2,2,NA,NA
"OH_Akron_C21_C_7038",4,4,NA,NA
"OH_Akron_C3_C_7042",10,7,0.00688784619822614,0.999986883722665
"OH_Akron_C4_C_7043",5,5,NA,NA
"OH_Akron_C6_C_7045",5,5,NA,NA
"OH_Akron_C7_C_7046",54,52,NA,NA
"OH_Akron_C8_C_7047",4,4,NA,NA
"OH_Akron_D2_D_7055",2,2,NA,NA
"OH_Akron_D5_D_7058",4,4,NA,NA
"OH_Cleveland_A17_A_7099",7,5,0.0184744559000108,0.999810909881063
"OH_Cleveland_A20_A_7103",2,2,NA,NA
"OH_Cleveland_A21_A_7104",6,5,0.00453850627568286,0.999989006054452
"OH_Cleveland_A22_A_7105",2,2,NA,NA
"OH_Cleveland_A23_A_7109",10,8,0.0194747494407256,0.999922650106403
"OH_Cleveland_A24_A_7111",7,6,0.00376486817975351,0.999994909742269
"OH_Cleveland_A25_A_7112",2,2,NA,NA
"OH_Cleveland_A27_A_7114",2,2,NA,NA
"OH_Cleveland_A28_A_7115",2,2,NA,NA
"OH_Cleveland_A7_A_7123",5,5,NA,NA
"OH_Cleveland_B11_B_7128",2,2,NA,NA
"OH_Cleveland_B19_B_7136",19,15,0.0324924254345774,0.999940625591297
"OH_Cleveland_B25_B_7143",2,2,NA,NA
"OH_Cleveland_B30_B_7149",5,5,NA,NA
"OH_Cleveland_B32_B_7151",2,2,NA,NA
"OH_Cleveland_B33_B_7152",2,2,NA,NA
"OH_Cleveland_B36_B_7155",5,5,NA,NA
"OH_Cleveland_B37_B_7156",2,2,NA,NA
"OH_Cleveland_B38_B_7157",15,13,0.0065219141853158,0.999996904094231
"OH_Cleveland_B41_B_7161",6,6,NA,NA
"OH_Cleveland_B42_B_7162",2,2,NA,NA
"OH_Cleveland_C1_C_7181",3,3,NA,NA
"OH_Cleveland_C15_C_7187",2,2,NA,NA
"OH_Cleveland_C16_C_7188",2,2,NA,NA
"OH_Cleveland_C29_C_7202",3,2,NA,NA
"OH_Cleveland_C3_C_7203",10,9,0.00243733904829687,0.99999908956507
"OH_Cleveland_C34_C_7208",4,4,NA,NA
"OH_Cleveland_C35_C_7209",5,5,NA,NA
"OH_Cleveland_C36_C_7210",4,4,NA,NA
"OH_Cleveland_C37_C_7211",4,4,NA,NA
"OH_Cleveland_C39_C_7213",3,3,NA,NA
"OH_Cleveland_C4_C_7214",2,1,NA,NA
"OH_Cleveland_C40_C_7215",6,6,NA,NA
"OH_Cleveland_C44_C_7219",2,2,NA,NA
"OH_Cleveland_C49_C_7224",7,7,NA,NA
"OH_Cleveland_C50_C_7226",2,2,NA,NA
"OH_Cleveland_C51_C_7227",2,2,NA,NA
"OH_Cleveland_C52_C_7228",2,2,NA,NA
"OH_Cleveland_C53_C_7230",3,3,NA,NA
"OH_Cleveland_C56_C_7233",2,2,NA,NA
"OH_Cleveland_C57_C_7234",2,2,NA,NA
"OH_Cleveland_C59_C_7236",15,12,0.0123612668232876,0.999986587910093
"OH_Cleveland_C6_C_7237",2,2,NA,NA
"OH_Cleveland_C60_C_7238",2,1,NA,NA
"OH_Cleveland_C62_C_7240",6,6,NA,NA
"OH_Cleveland_C63_C_7241",2,2,NA,NA
"OH_Cleveland_C64_C_7242",3,3,NA,NA
"OH_Cleveland_C74_C_7254",2,2,NA,NA
"OH_Cleveland_C75_C_7255",4,4,NA,NA
"OH_Cleveland_C76_C_7256",2,2,NA,NA
"OH_Cleveland_C8_C_7257",2,2,NA,NA
"OH_Cleveland_D23_D_7274",2,2,NA,NA
"OH_Cleveland_D25_D_7276",3,3,NA,NA
"OH_Columbus_A1_A_7287",3,3,NA,NA
"OH_Columbus_A4_A_7290",6,6,NA,NA
"OH_Columbus_A6_A_7292",4,4,NA,NA
"OH_Columbus_B12_B_7298",6,5,0.00453850627568286,0.999989006054452
"OH_Columbus_B19_B_7305",6,5,0.00453850627568286,0.999989006054452
"OH_Columbus_B20_B_7307",6,5,0.00453850627568286,0.999989006054452
"OH_Columbus_B28_B_7315",4,4,NA,NA
"OH_Columbus_B5_B_7322",3,2,NA,NA
"OH_Columbus_B6_B_7323",2,2,NA,NA
"OH_Columbus_B8_B_7325",7,7,NA,NA
"OH_Columbus_B9_B_7326",3,3,NA,NA
"OH_Columbus_C6_C_7360",3,3,NA,NA
"OH_Columbus_C7_C_7361",3,3,NA,NA
"OH_Columbus_C9_C_7363",9,8,0.0027692694163337,0.99999849947154
"OH_Columbus_D11_D_7366",3,3,NA,NA
"OH_Columbus_D15_D_7370",45,45,NA,NA
"OH_Dayton_A4_A_7382",8,8,NA,NA
"OH_Dayton_A5_A_7383",2,2,NA,NA
"OH_Dayton_C4_C_7431",2,2,NA,NA
"OH_Toledo_C20_C_7640",2,1,NA,NA
"OH_Youngstown_A4_A_7699",3,3,NA,NA
"OH_Youngstown_A5_A_7700",23,23,NA,NA
"OH_Youngstown_C6_C_7730",3,3,NA,NA
"OK_Oklahoma City_10G_A_7743",2,2,NA,NA
"OK_Oklahoma City_49R_D_7784",5,3,0.0313924746586254,0.998133546467439
"OR_Portland_A1_A_7854",2,2,NA,NA
"OR_Portland_A13_A_7858",3,3,NA,NA
"OR_Portland_A14_A_7859",7,7,NA,NA
"OR_Portland_A16_A_7861",6,6,NA,NA
"OR_Portland_A7_A_7867",4,4,NA,NA
"OR_Portland_A8_A_7868",5,5,NA,NA
"OR_Portland_B1_B_7870",14,13,0.0016343241935979,0.999999807180766
"OR_Portland_B11_B_7872",2,2,NA,NA
"OR_Portland_B12_B_7873",4,3,0.00684715681898454,0.999916651455104
"OR_Portland_B13_B_7874",2,2,NA,NA
"OR_Portland_B14_B_7875",12,10,0.00867633330351212,0.999990593454204
"OR_Portland_B17_B_7879",3,3,NA,NA
"OR_Portland_B19_B_7881",2,2,NA,NA
"OR_Portland_B2_B_7882",2,2,NA,NA
"OR_Portland_B20_B_7883",4,3,0.00684715681898454,0.999916651455104
"OR_Portland_B21_B_7885",2,2,NA,NA
"OR_Portland_B22_B_7886",4,4,NA,NA
"OR_Portland_B26_B_7890",3,3,NA,NA
"OR_Portland_B4_B_7896",3,3,NA,NA
"OR_Portland_B4_B_7897",7,6,0.00376486817975351,0.999994909742269
"OR_Portland_B8_B_7901",2,2,NA,NA
"OR_Portland_C1_C_7903",5,5,NA,NA
"OR_Portland_C10_C_7904",2,2,NA,NA
"OR_Portland_C10_C_7905",4,4,NA,NA
"OR_Portland_C16_C_7911",2,2,NA,NA
"OR_Portland_C17_C_7912",2,2,NA,NA
"OR_Portland_C18_C_7913",8,7,0.00319732044001254,0.999997354222772
"OR_Portland_C19_C_7914",6,6,NA,NA
"OR_Portland_C2_C_7915",8,3,0.0359409952606842,0.996730472865157
"OR_Portland_C2_C_7916",12,10,0.00867633330351212,0.999990593454204
"OR_Portland_C20_C_7917",3,2,NA,NA
"OR_Portland_C21_C_7918",2,2,NA,NA
"OR_Portland_C22_C_7921",2,2,NA,NA
"OR_Portland_C25_C_7926",4,4,NA,NA
"OR_Portland_C27_C_7928",16,14,0.00601913483016521,0.999997733629148
"OR_Portland_C28_C_7929",2,1,NA,NA
"OR_Portland_C29_C_7931",4,3,0.00684715681898454,0.999916651455104
"OR_Portland_C3_C_7933",2,2,NA,NA
"OR_Portland_C31_C_7935",3,3,NA,NA
"OR_Portland_C32_C_7937",3,3,NA,NA
"OR_Portland_C34_C_7939",3,3,NA,NA
"OR_Portland_C35_C_7940",6,6,NA,NA
"OR_Portland_C4_C_7943",2,2,NA,NA
"OR_Portland_C6_C_7946",2,2,NA,NA
"OR_Portland_C8_C_7948",2,2,NA,NA
"OR_Portland_D1_D_7951",7,6,0.00376486817975351,0.999994909742269
"OR_Portland_D2_D_7952",21,15,0.0103324082139854,0.999993959292773
"OR_Portland_D3_D_7953",2,2,NA,NA
"OR_Portland_D3_D_7954",2,2,NA,NA
"OR_Portland_D4_D_7957",6,6,NA,NA
"OR_Portland_D5_D_7959",5,5,NA,NA
"OR_Portland_D6_D_7960",2,2,NA,NA
"OR_Portland_D8_D_7962",9,8,0.0027692694163337,0.99999849947154
"OR_Portland_NA_C_7964",3,3,NA,NA
"OR_Portland_NA_B_7971",3,3,NA,NA
"PA_Bethlehem_B7_B_8013",6,6,NA,NA
"PA_Erie_A2_A_8054",3,3,NA,NA
"PA_Erie_A3_A_8055",5,5,NA,NA
"PA_Erie_B1_B_8057",2,2,NA,NA
"PA_Erie_B17_B_8065",8,6,0.0151622924263794,0.999915022268971
"PA_Erie_B6_B_8070",3,2,NA,NA
"PA_Erie_B9_B_8073",5,5,NA,NA
"PA_Erie_C14_C_8079",5,2,0.0329556642851461,0.992457806885588
"PA_Erie_C3_C_8086",2,2,NA,NA
"PA_Harrisburg_B_B_8105",2,2,NA,NA
"PA_Johnstown_B3_B_8150",2,2,NA,NA
"PA_Philadelphia_A1_A_8245",7,7,NA,NA
"PA_Philadelphia_A2_A_8246",2,2,NA,NA
"PA_Philadelphia_A3_A_8247",4,2,NA,NA
"PA_Philadelphia_A4_A_8248",24,18,0.058062806574944,0.999867270181161
"PA_Philadelphia_A4_A_8249",55,45,0.00510275147310547,0.999999843460522
"PA_Philadelphia_A7_A_8252",2,2,NA,NA
"PA_Philadelphia_A8_A_8254",2,2,NA,NA
"PA_Philadelphia_A9_A_8255",12,10,0.0194780823590691,0.999951712764208
"PA_Philadelphia_B1_B_8257",6,6,NA,NA
"PA_Philadelphia_B14_B_8262",2,2,NA,NA
"PA_Philadelphia_B16_B_8264",5,2,0.0240310806473435,0.995122526713859
"PA_Philadelphia_B17_B_8265",6,6,NA,NA
"PA_Philadelphia_B19_B_8268",6,5,0.00453850627568286,0.999989006054452
"PA_Philadelphia_B20_B_8272",2,2,NA,NA
"PA_Philadelphia_B24_B_8273",6,4,0.0193014138561595,0.999636467987627
"PA_Philadelphia_B3_B_8274",3,3,NA,NA
"PA_Philadelphia_B5_B_8277",32,23,0.0424743231145048,0.999956915072593
"PA_Philadelphia_B7_B_8280",2,2,NA,NA
"PA_Philadelphia_B8_B_8281",7,6,0.00376486817975351,0.999994909742269
"PA_Philadelphia_C10_C_8287",7,6,0.00376486817975351,0.999994909742269
"PA_Philadelphia_C14_C_8292",17,17,NA,NA
"PA_Philadelphia_C2_C_8296",2,2,NA,NA
"PA_Philadelphia_C4_C_8298",6,6,NA,NA
"PA_Philadelphia_C5_C_8300",4,4,NA,NA
"PA_Philadelphia_C6_C_8302",2,2,NA,NA
"PA_Philadelphia_D1_D_8306",4,3,0.00684715681898454,0.999916651455104
"PA_Philadelphia_D10_D_8307",3,3,NA,NA
"PA_Philadelphia_D15_D_8312",3,3,NA,NA
"PA_Philadelphia_D17_D_8314",13,9,0.00549565857979639,0.999995109161805
"PA_Philadelphia_D18_D_8315",18,18,NA,NA
"PA_Philadelphia_D19_D_8316",2,2,NA,NA
"PA_Philadelphia_D20_D_8318",2,2,NA,NA
"PA_Philadelphia_D23_D_8322",70,36,0.163304877273535,0.999724559852535
"PA_Philadelphia_D5_D_8329",2,2,NA,NA
"PA_Philadelphia_D9_D_8333",2,2,NA,NA
"PA_Philadelphia_E1_A_8334",2,2,NA,NA
"PA_Philadelphia_E3_B_8336",6,6,NA,NA
"PA_Philadelphia_E4_B_8337",9,9,NA,NA
"PA_Philadelphia_E6_B_8339",261,100,0.54804645639171,0.999579405264372
"PA_Philadelphia_E7_B_8340",6,6,NA,NA
"PA_Pittsburgh_A10_A_8342",7,6,0.00376486817975351,0.999994909742269
"PA_Pittsburgh_A11_A_8343",2,2,NA,NA
"PA_Pittsburgh_A2_A_8344",2,2,NA,NA
"PA_Pittsburgh_A3_A_8345",20,17,0.0109566632511291,0.999994920444811
"PA_Pittsburgh_A5_A_8347",8,7,0.00319732044001254,0.999997354222772
"PA_Pittsburgh_A6_A_8348",21,16,0.0508465951561244,0.999870772987879
"PA_Pittsburgh_A7_A_8349",38,37,NA,NA
"PA_Pittsburgh_A8_A_8350",21,17,0.00722311509843279,0.999997759572721
"PA_Pittsburgh_B1_B_8352",6,5,0.00453850627568286,0.999989006054452
"PA_Pittsburgh_B10_B_8353",6,6,NA,NA
"PA_Pittsburgh_B11_B_8354",8,6,0.0151622924263794,0.999915022268971
"PA_Pittsburgh_B12_B_8355",12,11,0.00195951155823258,0.99999961037677
"PA_Pittsburgh_B13_B_8356",9,8,0.0027692694163337,0.99999849947154
"PA_Pittsburgh_B14_B_8357",29,19,0.0657756415381268,0.99984430532423
"PA_Pittsburgh_B15_B_8358",2,2,NA,NA
"PA_Pittsburgh_B16_B_8359",28,24,0.0134722407483527,0.999996174390415
"PA_Pittsburgh_B17_B_8360",16,15,0.00139980090019128,0.999999894183191
"PA_Pittsburgh_B21_B_8365",5,5,NA,NA
"PA_Pittsburgh_B22_B_8366",4,4,NA,NA
"PA_Pittsburgh_B24_B_8368",4,4,NA,NA
"PA_Pittsburgh_B26_B_8370",56,52,NA,NA
"PA_Pittsburgh_B4_B_8373",8,8,NA,NA
"PA_Pittsburgh_B7_B_8376",2,2,NA,NA
"PA_Pittsburgh_B8_B_8377",7,6,0.00376486817975351,0.999994909742269
"PA_Pittsburgh_C11_C_8381",4,4,NA,NA
"PA_Pittsburgh_C12_C_8382",3,3,NA,NA
"PA_Pittsburgh_C13_C_8383",15,13,0.0065219141853158,0.999996904094231
"PA_Pittsburgh_C14_C_8384",4,4,NA,NA
"PA_Pittsburgh_C15_C_8385",2,2,NA,NA
"PA_Pittsburgh_C16_C_8386",6,6,NA,NA
"PA_Pittsburgh_C19_C_8389",6,3,0.0149663495039215,0.999529027797839
"PA_Pittsburgh_C2_C_8390",3,3,NA,NA
"PA_Pittsburgh_C20_C_8391",14,12,0.00711375496034056,0.999995659805495
"PA_Pittsburgh_C21_C_8392",2,2,NA,NA
"PA_Pittsburgh_C22_C_8393",10,10,NA,NA
"PA_Pittsburgh_C33_C_8405",25,25,NA,NA
"PA_Pittsburgh_C36_C_8408",3,3,NA,NA
"PA_Pittsburgh_C37_C_8409",6,6,NA,NA
"PA_Pittsburgh_C4_C_8412",11,11,NA,NA
"PA_Pittsburgh_C41_C_8414",24,23,0.000885287262723231,0.999999982125548
"PA_Pittsburgh_C5_C_8416",4,4,NA,NA
"PA_Pittsburgh_C7_C_8418",10,10,NA,NA
"PA_Pittsburgh_C9_C_8420",2,2,NA,NA
"PA_Pittsburgh_D1_D_8421",15,13,0.0065219141853158,0.999996904094231
"PA_Pittsburgh_D10_D_8422",14,12,0.00711375496034056,0.999995659805495
"PA_Pittsburgh_D11_D_8423",20,18,0.00459259955482977,0.99999920834069
"PA_Pittsburgh_D12_D_8424",6,5,0.00453850627568286,0.999989006054452
"PA_Pittsburgh_D15_D_8427",5,5,NA,NA
"PA_Pittsburgh_D2_D_8432",2,2,NA,NA
"PA_Pittsburgh_D23_D_8436",2,2,NA,NA
"PA_Pittsburgh_D26_D_8439",9,9,NA,NA
"PA_Pittsburgh_D27_D_8440",10,8,0.0110731586844239,0.999975559224772
"PA_Pittsburgh_D28_D_8441",2,2,NA,NA
"PA_Pittsburgh_D3_D_8443",2,2,NA,NA
"PA_Pittsburgh_D33_D_8447",2,2,NA,NA
"PA_Pittsburgh_D4_D_8449",2,2,NA,NA
"PA_Pittsburgh_D6_D_8451",8,8,NA,NA
"PA_Pittsburgh_D7_D_8452",2,2,NA,NA
"PA_Pittsburgh_D8_D_8453",4,4,NA,NA
"RI_Pawtucket & Central Falls_A2_A_8531",2,2,NA,NA
"RI_Providence_1_A_8547",2,2,NA,NA
"RI_Providence_10_B_8548",2,2,NA,NA
"RI_Providence_5_B_8567",3,3,NA,NA
"SC_Columbia_C_C_8596",2,2,NA,NA
"TN_Chattanooga_A1_A_8616",3,3,NA,NA
"TN_Chattanooga_A3_A_8618",2,2,NA,NA
"TN_Chattanooga_B1_B_8621",2,1,NA,NA
"TN_Chattanooga_B3_B_8623",2,2,NA,NA
"TN_Chattanooga_B8_B_8628",3,3,NA,NA
"TN_Chattanooga_C11_C_8631",4,4,NA,NA
"TN_Chattanooga_C5_C_8635",3,3,NA,NA
"TN_Chattanooga_D1_D_8640",9,6,0.0048453410176264,0.999990865912441
"TN_Chattanooga_D5_D_8644",2,2,NA,NA
"TN_Knoxville_A1_A_8648",8,8,NA,NA
"TN_Knoxville_B4_B_8658",20,16,0.00643814440009468,0.999997984053674
"TN_Knoxville_B5_B_8659",2,2,NA,NA
"TN_Knoxville_B9_B_8663",16,16,NA,NA
"TN_Knoxville_C1_C_8664",3,3,NA,NA
"TN_Knoxville_C15_C_8670",15,15,NA,NA
"TN_Knoxville_C3_C_8673",13,10,0.0108455820986598,0.999984874771844
"TN_Knoxville_C4_C_8674",19,16,0.0141915079124976,0.999990240437049
"TN_Knoxville_C7_C_8677",3,3,NA,NA
"TN_Knoxville_D10_D_8681",2,2,NA,NA
"TN_Knoxville_D11_D_8682",4,3,0.00684715681898454,0.999916651455104
"TN_Knoxville_D2_D_8684",3,3,NA,NA
"TN_Knoxville_D4_D_8686",34,30,0.0125595292045466,0.999997866468472
"TN_Knoxville_D6_D_8688",9,8,0.0027692694163337,0.99999849947154
"TN_Knoxville_D9_D_8691",3,3,NA,NA
"TN_Memphis_B1_B_8699",9,9,NA,NA
"TN_Nashville_A_A_8718",5,5,NA,NA
"TN_Nashville_B1_B_8719",6,6,NA,NA
"TN_Nashville_B2_B_8720",5,5,NA,NA
"TN_Nashville_C2_C_8722",3,3,NA,NA
"TN_Nashville_C3_C_8723",2,2,NA,NA
"TN_Nashville_D1_D_8724",10,9,0.00243733904829687,0.99999908956507
"TN_Nashville_D2_D_8725",6,6,NA,NA
"TX_Austin_A_A_8748",5,4,0.00560201505032432,0.999972276879307
"TX_Austin_A_A_8749",26,21,0.0241673416838475,0.99998384302228
"TX_Austin_B_B_8751",8,4,0.0406229822867029,0.998174725015636
"TX_Austin_B_B_8753",3,2,NA,NA
"TX_Austin_B_B_8754",10,6,0.0211936368295411,0.999817515254578
"TX_Austin_B_B_8755",17,13,0.0258491254300752,0.999950864316664
"TX_Austin_B_B_8756",2,2,NA,NA
"TX_Austin_C_C_8757",6,6,NA,NA
"TX_Austin_D_D_8758",13,10,0.0108455820986598,0.999984874771844
"TX_Austin_D_D_8759",7,6,0.00376486817975351,0.999994909742269
"TX_Austin_D_D_8761",3,3,NA,NA
"TX_Dallas_A2_A_8787",2,2,NA,NA
"TX_Dallas_A4_A_8789",4,4,NA,NA
"TX_Dallas_A6_A_8791",2,2,NA,NA
"TX_Dallas_A7_A_8792",2,2,NA,NA
"TX_Dallas_A8_A_8793",6,3,0.0149663495039215,0.999529027797839
"TX_Dallas_B1_B_8795",3,3,NA,NA
"TX_Dallas_B10_B_8796",11,7,0.0236797215975093,0.999838671687733
"TX_Dallas_C2_C_8814",7,6,0.00376486817975351,0.999994909742269
"TX_Dallas_C9_C_8821",15,10,0.0196763035001468,0.99994970784532
"TX_Dallas_D3_D_8824",2,2,NA,NA
"TX_Dallas_D4_D_8825",2,2,NA,NA
"TX_Dallas_D8_D_8829",2,2,NA,NA
"TX_Fort Worth_A_A_8855",3,2,NA,NA
"TX_Fort Worth_A_A_8860",4,4,NA,NA
"TX_Fort Worth_B_B_8865",2,2,NA,NA
"TX_Fort Worth_C_C_8873",3,3,NA,NA
"TX_Fort Worth_C_C_8882",3,2,NA,NA
"TX_Fort Worth_D_D_8890",13,6,0.0445695240995179,0.999126785156576
"TX_Houston_NA_B_8925",5,5,NA,NA
"TX_Houston_NA_C_8927",11,4,0.0357232334374928,0.99841540832544
"TX_Houston_NA_C_8940",3,3,NA,NA
"TX_Houston_NA_B_8943",8,6,0.0151622924263794,0.999915022268971
"TX_Houston_NA_C_8944",3,3,NA,NA
"TX_Houston_NA_B_8945",4,4,NA,NA
"TX_Houston_NA_A_8947",5,3,0.0313924746586254,0.998133546467439
"TX_Houston_NA_B_8948",3,3,NA,NA
"TX_San Antonio_NA_A_8961",2,2,NA,NA
"TX_San Antonio_NA_C_8963",2,2,NA,NA
"TX_San Antonio_NA_B_8967",6,5,0.00453850627568286,0.999989006054452
"TX_San Antonio_NA_B_8970",11,7,0.0236797215975093,0.999838671687733
"TX_San Antonio_NA_B_8971",4,3,0.00684715681898454,0.999916651455104
"TX_San Antonio_NA_A_8975",3,3,NA,NA
"TX_San Antonio_NA_C_8977",2,2,NA,NA
"TX_San Antonio_NA_D_8981",49,49,NA,NA
"UT_Salt Lake City_A1_A_9030",2,2,NA,NA
"UT_Salt Lake City_A2_A_9031",2,2,NA,NA
"UT_Salt Lake City_A3_A_9032",6,4,0.0234296681044113,0.999490607204192
"UT_Salt Lake City_B1_B_9034",5,5,NA,NA
"UT_Salt Lake City_B4_B_9037",2,2,NA,NA
"UT_Salt Lake City_B5_B_9038",3,3,NA,NA
"UT_Salt Lake City_C1_C_9041",3,3,NA,NA
"UT_Salt Lake City_C2_C_9042",2,2,NA,NA
"VA_Richmond_A6_A_9214",5,4,0.00560201505032432,0.999972276879307
"VA_Richmond_B10_B_9217",6,5,0.00453850627568286,0.999989006054452
"VA_Richmond_B12_B_9219",6,6,NA,NA
"VA_Richmond_C2_C_9242",28,14,0.0438604379782393,0.999864216179742
"VA_Richmond_C6_C_9247",3,3,NA,NA
"VA_Richmond_D10_D_9259",2,2,NA,NA
"VA_Richmond_D8_D_9276",3,3,NA,NA
"VA_Richmond_D9_D_9277",7,6,0.00376486817975351,0.999994909742269
"VA_Roanoke_D3_D_9304",2,2,NA,NA
"WA_Seattle_A12_A_9318",3,3,NA,NA
"WA_Seattle_A3_A_9320",5,4,0.00560201505032432,0.999972276879307
"WA_Seattle_A6_A_9324",17,14,0.0134951651463347,0.99998854538363
"WA_Seattle_A7_A_9325",6,6,NA,NA
"WA_Seattle_A8_A_9326",5,4,0.00560201505032432,0.999972276879307
"WA_Seattle_A9_A_9327",4,4,NA,NA
"WA_Seattle_B1_B_9328",12,8,0.0489611411250667,0.999480173682995
"WA_Seattle_B11_B_9330",12,5,0.048402716578743,0.998396505460747
"WA_Seattle_B12_B_9331",36,19,0.122689366846183,0.999430479547133
"WA_Seattle_B13_B_9332",2,2,NA,NA
"WA_Seattle_B14_B_9333",50,40,0.026662900337721,0.999994549605726
"WA_Seattle_B15_B_9334",4,3,0.00684715681898454,0.999916651455104
"WA_Seattle_B17_B_9336",2,2,NA,NA
"WA_Seattle_B18_B_9337",7,6,0.00376486817975351,0.999994909742269
"WA_Seattle_B19_B_9338",49,37,0.0325905518734573,0.999990406926726
"WA_Seattle_B2_B_9339",18,16,0.0194077274100249,0.999981835722217
"WA_Seattle_B3_B_9340",46,26,0.146199440925241,0.999577418614002
"WA_Seattle_B4_B_9341",14,11,0.0116767820138401,0.999985648903113
"WA_Seattle_B9_B_9346",2,2,NA,NA
"WA_Seattle_C11_C_9349",13,9,0.0277107091946158,0.999873014686031
"WA_Seattle_C13_C_9351",15,14,0.00150822416755969,0.999999858724731
"WA_Seattle_C14_C_9352",10,9,0.00243733904829687,0.99999908956507
"WA_Seattle_C16_C_9354",3,3,NA,NA
"WA_Seattle_C17_C_9355",17,14,0.0134177402766838,0.999988517868207
"WA_Seattle_C2_C_9357",3,3,NA,NA
"WA_Seattle_C4_C_9359",2,2,NA,NA
"WA_Seattle_C5_C_9360",5,5,NA,NA
"WA_Seattle_C7_C_9362",9,7,0.0128146003791018,0.999956515803299
"WA_Seattle_C8_C_9363",3,2,NA,NA
"WA_Seattle_C9_C_9364",2,2,NA,NA
"WA_Seattle_D4_D_9372",6,6,NA,NA
"WA_Seattle_D5_D_9373",31,19,0.110638621346403,0.999545361573195
"WA_Seattle_D6_D_9374",3,3,NA,NA
"WA_Seattle_D8_D_9376",19,13,0.0622656699490374,0.999695752820584
"WA_Spokane_B11_B_9389",2,2,NA,NA
"WA_Spokane_C18_C_9409",4,4,NA,NA
"WA_Tacoma_A1_A_9437",2,2,NA,NA
"WA_Tacoma_A2_A_9438",4,4,NA,NA
"WA_Tacoma_B4_B_9445",5,4,0.00560201505032432,0.999972276879307
"WA_Tacoma_B6_B_9447",3,3,NA,NA
"WA_Tacoma_B7_B_9448",2,2,NA,NA
"WA_Tacoma_C19_C_9461",2,2,NA,NA
"WA_Tacoma_C2_C_9463",5,4,0.00560201505032432,0.999972276879307
"WA_Tacoma_C5_C_9471",7,6,0.00376486817975351,0.999994909742269
"WA_Tacoma_D5_D_9480",7,7,NA,NA
"WI_Madison_A2_A_9510",4,4,NA,NA
"WI_Madison_B2_B_9515",3,2,NA,NA
"WI_Madison_B3_B_9516",2,2,NA,NA
"WI_Madison_B4_B_9517",3,3,NA,NA
"WI_Madison_B6_B_9519",5,5,NA,NA
"WI_Madison_B9_B_9523",4,3,0.00684715681898454,0.999916651455104
"WI_Madison_C11_C_9527",2,2,NA,NA
"WI_Madison_C3_C_9534",4,4,NA,NA
"WI_Madison_C5_C_9536",2,2,NA,NA
"WI_Madison_C8_C_9539",11,11,NA,NA
"WI_Madison_D6_D_9551",2,2,NA,NA
"WI_Madison_D9_D_9554",12,11,0.00195951155823258,0.99999961037677
"WI_Milwaukee Co._A1_A_9555",6,6,NA,NA
"WI_Milwaukee Co._A2_A_9556",5,4,0.00560201505032432,0.999972276879307
"WI_Milwaukee Co._B10_B_9564",2,2,NA,NA
"WI_Milwaukee Co._B15_B_9569",4,3,0.00684715681898454,0.999916651455104
"WI_Milwaukee Co._B16_B_9570",3,2,NA,NA
"WI_Milwaukee Co._B2_B_9574",2,2,NA,NA
"WI_Milwaukee Co._B4_B_9577",3,3,NA,NA
"WI_Milwaukee Co._B6_B_9579",11,6,0.051281939387658,0.998880770713304
"WI_Milwaukee Co._C18_C_9592",2,2,NA,NA
"WI_Milwaukee Co._C18_C_9593",4,4,NA,NA
"WI_Milwaukee Co._C24_C_9600",2,2,NA,NA
"WI_Milwaukee Co._C31_C_9609",7,7,NA,NA
"WI_Milwaukee Co._C32_C_9610",2,2,NA,NA
"WI_Milwaukee Co._C9_C_9622",3,2,NA,NA
"WI_Milwaukee Co._D3_D_9637",2,2,NA,NA
"WI_Racine_D8_D_9742",6,5,0.00453850627568286,0.999989006054452
"WV_Huntington_C11_C_9807",2,2,NA,NA
